moduleId,metaKey,metaValue
2,Book,Suzanne Cornuau
3,Mentor,Dore McKennan
4,Book,Borg Valentinetti
5,Mentor,Roderich Cogman
6,Task,Steffane Applewhite
7,Task,Gisela Tranmer
8,Mentor,Wylie Terrey
9,Book,Jody Tremelling
10,Task,Charline Preddy
11,Task,Aylmer O'Scollain
12,Task,Sinclare Houliston
13,Task,Kahaleel Gorgler
14,Task,Devonna Breit
15,Mentor,Rafferty Casina
16,Task,Tiff Papworth
17,Book,Blancha Pinnell
18,Task,Alayne Ison
19,Task,Kliment Humble
20,Book,Benedicto McCullen
21,Book,Edith Gregore
22,Mentor,Peggie Napolitano
23,Book,Joline Ramsell
24,Task,Gracia Blakeston
25,Book,Francisco Warby
26,Mentor,Gigi Fosher
27,Task,Frederica Hencke
28,Task,Miner Fishburn
29,Mentor,Ilsa Sarll
30,Task,Issie Davydochkin
31,Task,Gardner Sholl
32,Task,Theda Belly
33,Book,Sig Copper
34,Book,Salvador Battill
35,Task,Paula Petronis
36,Task,Clarabelle Ganderton
37,Book,Katherine Sollis
38,Task,Vernon Gange
39,Book,Jameson Grouer
40,Book,Wilow Trymme
41,Book,Rakel Gownge
42,Mentor,Jeno Southerden
43,Mentor,Ardys Benadette
44,Task,Corbett Sacco
45,Task,Willa Giamelli
46,Mentor,Bella Bradberry
47,Book,Marline Arnold
48,Book,Pet Breache
49,Task,Cal Pordal
50,Mentor,Rafaello O'Doherty
51,Task,Marigold Georgeou
52,Book,Darius Hawney
53,Book,Danie Brockman
54,Mentor,Shea Showell
55,Book,Katinka Tessington
56,Book,Matilde Child
57,Mentor,Zea Gain
58,Mentor,Lettie Leavesley
59,Book,Cyrus Coppens
60,Task,Pammy Murison
61,Book,Farrand Dimitru
62,Book,Kincaid Scutter
63,Mentor,Henri Di Ruggiero
64,Mentor,Anton Eilers
65,Task,Charlene Haston
66,Task,Avery Lardiner
67,Task,Lanae Phaup
68,Book,Mavra Stockport
69,Book,Jeremy Scorah
70,Task,Adiana Curneen
71,Book,Janet Matherson
72,Task,Olivero Chant
73,Mentor,Gwenneth Merrigans
74,Book,Gwenneth Fibbens
75,Task,Mariette Renne
76,Book,Walther Phetteplace
77,Book,Raquela Chadney
78,Mentor,Laurice Turl
79,Mentor,Glynn Levett
80,Book,Gareth Bourdice
81,Mentor,Gabrielle Sima
82,Task,Berna Gerrels
83,Mentor,Randolph Lindenblatt
84,Mentor,Arlyn Mundie
85,Mentor,Saxe Alpine
86,Book,Nappy Cherrie
87,Book,Hadria Chasier
88,Task,Dedie Mattingson
89,Book,Sheila-kathryn Mountford
90,Mentor,Lennard Szanto
91,Mentor,Koenraad Shiel
92,Task,Nico Powles
93,Task,Auberta Cornilleau
94,Task,Rosalynd Caldecott
95,Task,Herold McFarlane
96,Task,Flore Stansell
97,Book,Krisha Beldom
98,Task,Reggis Dunsleve
99,Mentor,Jessie Farnill
100,Book,Gene Seleway
101,Task,Eal Comi
102,Book,Monica Wrefford
103,Task,Blancha Cristofolo
104,Task,Ruthanne Minard
105,Book,Lebbie Pasterfield
106,Mentor,Sibley Dobing
107,Book,Nissie Skedge
108,Book,Mira Curror
109,Book,Anett Conws
110,Mentor,Ertha Stoite
111,Mentor,Neron Navaro
112,Mentor,Heddi Jakel
113,Mentor,Fanchette Dripp
114,Book,Kizzee Prime
115,Mentor,Jeana Labbet
116,Book,Benny Cornford
117,Book,Davon Hastwall
118,Task,Gizela Ellicott
119,Mentor,Elmo O'Canavan
120,Mentor,Cordie Wile
121,Mentor,Dixie Macvain
122,Mentor,Fanni Nutbeam
123,Mentor,Cosmo Alldridge
124,Mentor,Junette Inkpen
125,Task,Igor Pullin
126,Mentor,Shalom Doudny
127,Task,Stella Matuszynski
128,Task,Manon Thurnham
129,Mentor,Lari Bartol
130,Task,Brandy Lynde
131,Task,Darlene Guilayn
132,Task,Bab Ouldcott
133,Task,Gillian Sperling
134,Task,Sela Barrand
135,Mentor,Bernita Sibley
136,Book,Milty Baldassi
137,Task,Alis Phizackarley
138,Mentor,Kassie Denziloe
139,Book,Darby Swaffer
140,Book,Georgie Burbridge
141,Mentor,Casandra Abbys
142,Mentor,Corissa Ainsworth
143,Task,Glenn Sushams
144,Mentor,Luisa Pogg
145,Book,Vania Yakunin
146,Mentor,Eulalie Allkins
147,Mentor,Brandyn Kolakowski
148,Task,Bev Oldfield
149,Book,Lotti Arnaldo
150,Task,Melony Mattiessen
151,Book,Kacie Ellingham
152,Book,Melisande McSherry
153,Task,Olenka Venner
154,Task,Kory Baraja
155,Mentor,Freda Sunman
156,Task,Juditha Lottrington
157,Mentor,Merell Alenichicov
158,Book,Ceil Duffell
159,Mentor,Woodie Belcher
160,Mentor,Griffin Whether
161,Task,Brennan Digby
162,Book,Maisey Percifull
163,Mentor,Michaelina Corton
164,Mentor,Paulita Boyde
165,Book,Yancy Rapelli
166,Book,Maury Dunkinson
167,Book,Jessy Bassil
168,Mentor,Guenna Sawkin
169,Task,Adan Purse
170,Book,Baxter Spratley
171,Task,Northrop Grundon
172,Mentor,Mersey Alan
173,Task,Brandtr Gentric
174,Task,Pierre Simeone
175,Mentor,Imelda Brabban
176,Mentor,Denna Antwis
177,Mentor,Dolley Willetts
178,Task,Garvey Grimsdell
179,Task,Harlin Woodwind
180,Mentor,Orran Siney
181,Book,Ranice Stratford
182,Task,Gordan Crehan
183,Mentor,Leonelle Normant
184,Task,Winnah Brickwood
185,Task,Terrijo Rasor
186,Mentor,Timmi Lacer
187,Task,Burch Kennerley
188,Task,Rafe Izatson
189,Mentor,Thaine Bernon
190,Mentor,Andee Soggee
191,Mentor,Cleve Wesgate
192,Mentor,Michele Baseggio
193,Mentor,Rosemarie Amott
194,Task,Carolus Bertelet
195,Book,Colene Rustedge
196,Book,Jessica McCraine
197,Book,Sonnnie Bianco
198,Task,Dorita Rubin
199,Task,Sherlocke Hamlyn
200,Book,Wendel Blaycock
201,Mentor,Margarethe Pitherick
202,Mentor,Arlana Davidson
203,Mentor,Bernardo Bruckman
204,Book,Kippie Speere
205,Task,Heindrick Matasov
206,Mentor,Bettine Anney
207,Mentor,Laird Cove
208,Task,Maye Danet
209,Book,Erny Freegard
210,Task,Jephthah Lean
211,Task,Sabrina Lowndesbrough
212,Book,Serena Blackster
213,Book,Shellie Huortic
214,Task,Julienne O'Shiels
215,Task,Sherm Yaneev
216,Mentor,Trumann Johann
217,Task,Hali Le Marquis
218,Mentor,Catriona Franschini
219,Mentor,Stephana Hedley
220,Task,Emera Jedrzej
221,Task,Dorian Almon
222,Mentor,Jerrold Duval
223,Book,Augustine Maine
224,Book,Beatrisa Huggons
225,Mentor,Pinchas Ridesdale
226,Task,Martelle Whawell
227,Book,Jolene Bodicam
228,Mentor,Agnese Gilligan
229,Book,Hayyim Charleston
230,Mentor,Robin Avis
231,Task,Konstance Althrope
232,Book,Bennett Torrance
233,Task,Marget Baguley
234,Task,Crissy Vigors
235,Book,Sean Cardo
236,Book,Nollie Ruberry
237,Book,Casandra Durbyn
238,Mentor,Kele Willerstone
239,Mentor,Jeanette Bangham
240,Book,Leeanne Emmert
241,Task,Errol Mc-Kerley
242,Task,Clarey Ashton
243,Book,Ellyn Partington
244,Book,Shirlee Leverson
245,Mentor,Brier Kennifick
246,Task,Dolores Grishankov
247,Book,Siegfried Trangmar
248,Book,Halsy Baitson
249,Task,Clim Speeding
250,Task,Francisca Dunnet
251,Book,Rosemary Eggle
252,Task,Vinnie Winser
253,Task,Tommie Gerkens
254,Mentor,Emmi Mattiuzzi
255,Book,Kristien Withinshaw
256,Mentor,Randy Dunstan
257,Mentor,John Levison
258,Task,Alon Henriksson
259,Task,Debra Giacobillo
260,Task,Cacilia Goodhew
261,Mentor,Talbot Bugbird
262,Task,Connor Plewman
263,Task,Shaylah Vassie
264,Mentor,Hamlen Grice
265,Book,Aluino Faithfull
266,Task,Kizzie Rooney
267,Task,Aileen Pyrton
268,Task,Michal Kingsnod
269,Book,Dyane Gillebride
270,Task,Madelyn MacIlhargy
271,Mentor,Mil Collister
272,Book,Enrique Ladyman
273,Mentor,Yolane Yakob
274,Book,Madalyn Akaster
275,Book,Korney Dimanche
276,Book,Abbie Dillingham
277,Book,Annice Goodfellow
278,Book,Zerk Gopsell
279,Book,Naomi McKay
280,Task,Sam Wilsone
281,Task,Sindee Doumer
282,Task,Corabella Reede
283,Book,Dulcea Garwill
284,Mentor,Ferne Elwill
285,Task,Rolf Lamort
286,Task,Flor MacCaghan
287,Mentor,Yovonnda Serraillier
288,Book,Ashia Feeney
289,Mentor,Othello Tockell
290,Task,Dimitri Whitnell
291,Task,Mala Giacoboni
292,Book,Bayard Gomersall
293,Mentor,Jone O'Tierney
294,Book,Sigismond Wasteney
295,Mentor,Codie Masters
296,Mentor,Glennis Fibben
297,Task,Corinna Clarage
298,Mentor,Kylynn Walas
299,Book,Cindi Hodinton
300,Task,Patten Deane
301,Book,Ronald Sandwick
302,Mentor,Joseito Meth
303,Book,Morey Donavan
304,Task,Colleen Kopfer
305,Mentor,Hyacinthie Orteu
306,Task,Wynny Tenwick
307,Task,Giacinta Welds
308,Task,Cordey Dinnis
309,Mentor,Ken Lawrie
310,Mentor,Antonia Stollard
311,Book,Marlane Braine
312,Book,Wilek Jeffryes
313,Book,Leisha Lovegrove
314,Mentor,Crysta Horrigan
315,Mentor,Rockie Abdey
316,Mentor,Evonne Sclater
317,Task,Corrie Huett
318,Book,Prue McClinton
319,Book,Alphard Ferronier
320,Book,Janeta Ranahan
321,Task,Nikolos Dannehl
322,Task,Gauthier Phil
323,Mentor,King Ferenczi
324,Task,Candis Lemmen
325,Task,Tedi Mitchell
326,Task,Kendall Skirven
327,Task,Thornie L' Anglois
328,Book,Merry Heinzel
329,Mentor,Rozelle Ruslin
330,Book,Cullie Kirkam
331,Mentor,Burtie Giacobelli
332,Book,Vina Stewart
333,Mentor,Aila Glasgow
334,Mentor,Elly Kreutzer
335,Book,Liliane Emmanuele
336,Mentor,Laural Moan
337,Book,Trenton Brannon
338,Book,Ned Keggin
339,Mentor,Chloette Vittori
340,Mentor,Brittne Kyngdon
341,Book,Jeni Theakston
342,Mentor,Cosetta McGookin
343,Book,Zsa zsa Britt
344,Mentor,Jacki Leward
345,Mentor,Juliann Turk
346,Task,Kimberli Firth
347,Mentor,Laurent Pfleger
348,Task,Harriott Syphas
349,Mentor,Hermina Vedekhov
350,Mentor,Stormi Jacobson
351,Task,Kimberlyn Arrundale
352,Mentor,Alexandros Forsythe
353,Mentor,Elsy Gatward
354,Book,Walliw Varty
355,Task,Pet Damrell
356,Mentor,Northrup Ayer
357,Book,Germayne Grimsell
358,Book,Maurice Clawe
359,Mentor,Torrence Whimp
360,Mentor,Arnie Elkins
361,Mentor,Blondell Sherrocks
362,Book,Pat Perico
363,Mentor,Corinna Hamal
364,Task,Pavlov Emmott
365,Task,Morgana Copper
366,Mentor,Dory Hendrichs
367,Mentor,Liva Tallis
368,Mentor,Coreen Skipping
369,Mentor,Arlyn Skalls
370,Book,Karalee Paling
371,Task,Matelda Heinert
372,Task,Gilligan Sire
373,Mentor,Giles Hardson
374,Book,Arney Slavin
375,Task,Darius Havers
376,Book,Muriel Slayton
377,Task,Joni Merwood
378,Mentor,Marty Pawelczyk
379,Mentor,Rosana GiacobbiniJacob
380,Task,Teodoro Katte
381,Mentor,Joelie Nornable
382,Book,Jacqui Cram
383,Book,Birdie Vivian
384,Task,Ardra Gathercole
385,Task,Lynelle Terbruggen
386,Book,Janis Kobu
387,Book,Marshal Reffe
388,Book,Fairleigh Harryman
389,Book,Erena Creak
390,Task,Katy McCreadie
391,Mentor,Ave Torrance
392,Mentor,Trish O'Doogan
393,Mentor,Claudelle Mayou
394,Book,Velma Challener
395,Book,Helena Winterscale
396,Task,Dorisa Antyshev
397,Mentor,Dalenna Redsell
398,Task,Corabel Cockran
399,Book,Rafaelia Scoble
400,Book,Cami Barson
401,Task,Tony Ching
402,Mentor,Aloysius Januszewski
403,Task,Lidia Rolles
404,Book,Charmane Bythell
405,Book,Abel Dracksford
406,Task,Paige Gange
407,Mentor,Matthew Blackstock
408,Mentor,Clarke Lanphier
409,Task,Freedman MacCurlye
410,Mentor,Robinet Attreed
411,Book,Margot Sonnenschein
412,Book,Carley Alenin
413,Mentor,Kendra Kilroy
414,Book,Dorie Ambroz
415,Task,Tadeas Geleman
416,Task,Aimee Candie
417,Book,Garrik Margiotta
418,Mentor,Zaccaria Brislawn
419,Book,Goddard Zamboniari
420,Task,Leoine Dederick
421,Mentor,Karlie Reeks
422,Book,Janene Duddridge
423,Book,Torin Schultheiss
424,Book,Giff Mazey
425,Task,Nickolai Yeardley
426,Task,Vivi Celiz
427,Book,Colet Kingsland
428,Task,Haroun Critchard
429,Book,Jasen Caneo
430,Mentor,Dilan Lambshine
431,Book,Mirabelle Carberry
432,Book,Dael Minichi
433,Mentor,Yolande Ivy
434,Book,Terri-jo Minmagh
435,Mentor,Tye Baxstar
436,Task,Nate Baggelley
437,Task,Edwina Duckerin
438,Mentor,Alfonso Lillecrap
439,Mentor,Bobbie Ratchford
440,Mentor,Karel Dunn
441,Task,Baxie Horley
442,Mentor,Ricki Gehricke
443,Mentor,Janna Dmitrienko
444,Task,Gilburt Gligori
445,Mentor,Zared Tollerton
446,Task,Mira Paolillo
447,Mentor,Harley Rickwood
448,Mentor,Tabby Manginot
449,Task,Bertha Elacoate
450,Mentor,Florentia Szymczyk
451,Mentor,Gusti Woodberry
452,Mentor,Gwenette Rape
453,Mentor,Denise Archambault
454,Mentor,Norah McCrae
455,Book,Therese Clixby
456,Book,Gavra Davis
457,Mentor,Melissa Snare
458,Task,Gregor Gligorijevic
459,Mentor,Shir Blackesland
460,Task,Josh Surgener
461,Task,Clevie Gerding
462,Task,Miranda McCay
463,Mentor,Theodosia Ossulton
464,Task,Willabella Clowser
465,Mentor,Mirna Myatt
466,Book,Sonny Byfford
467,Book,Flor Veneur
468,Book,Sonnnie Passo
469,Task,Editha Seed
470,Book,Dino Cassie
471,Mentor,Nert Loukes
472,Book,Salli Sabate
473,Book,Haze Olcot
474,Mentor,Kinsley Correa
475,Book,Jaquith Whorall
476,Task,Jedidiah Prahl
477,Mentor,Richmond Bessant
478,Mentor,Amalita Olyonov
479,Book,Helena Loudwell
480,Task,Chantalle Durkin
481,Mentor,Milo Glason
482,Task,Wit Piniur
483,Mentor,Bridie Rappa
484,Mentor,Lexie Bendle
485,Task,Amandi McGriffin
486,Book,Althea Brand-Hardy
487,Task,Helenelizabeth Yackiminie
488,Book,Justino Beams
489,Mentor,Annmarie Lugard
490,Task,Esther Kubasek
491,Book,Rani d' Elboux
492,Task,Giustino Gogie
493,Mentor,Sharl Marsie
494,Mentor,Demetra Guittet
495,Book,Dewie Wanek
496,Task,Issy Prothero
497,Book,Kinsley Oattes
498,Task,Maynord Patnelli
499,Task,Norman Joanic
500,Task,Germaine Conaghy
1,Task,Stacy Baudino
2,Mentor,Rainer Houten
3,Task,Baryram Niesing
4,Task,Willey Probey
5,Mentor,Emmerich Fancett
6,Task,Fey Duran
7,Mentor,Heloise MacCleod
8,Task,Sondra Sweetman
9,Mentor,Moshe Gallaway
10,Mentor,Brewster Andrusyak
11,Book,Catherin Haggarty
12,Mentor,Orv Loiterton
13,Book,Nedda Frohock
14,Mentor,Felice Manicomb
15,Mentor,Holly Santora
16,Book,Brett Venes
17,Book,Lincoln Gent
18,Mentor,Alyda Pellitt
19,Mentor,Abbi Mostyn
20,Book,Lucretia Raye
21,Task,Mab Paulich
22,Task,Rodge Morot
23,Task,Celestia Lyford
24,Task,Nolan Cromleholme
25,Task,Gasper Lawrenz
26,Mentor,Gaynor Eilhart
27,Mentor,Sadella Germann
28,Book,Corby Edmund
29,Task,Tab Uden
30,Mentor,Rayshell Wight
31,Mentor,Fred Gave
32,Task,Bettine Sawer
33,Book,Riordan Dyos
34,Book,Jan McIlwrick
35,Task,Hester MacNucator
36,Mentor,Ellette Madner
37,Mentor,Nona Selvester
38,Task,Launce Somes
39,Task,Minni Whatman
40,Task,Stanislaus Astin
41,Task,Lonee Forrestall
42,Mentor,Jeannie Raulin
43,Task,Jerrylee Lafoy
44,Mentor,Ruthie Roj
45,Task,Marsha Carlyon
46,Book,Birdie Hedingham
47,Book,Leeland Peakman
48,Book,Ivar Riteley
49,Book,Dalton Husband
50,Mentor,Fionna Trimme
51,Mentor,Alvin Toolin
52,Book,Loria Gilroy
53,Mentor,Locke Antic
54,Mentor,Carlene Iczokvitz
55,Task,Garfield Westerman
56,Mentor,Doreen Ellerker
57,Book,Adolf Stebbins
58,Book,Lisetta Scampion
59,Task,Lucita Attwell
60,Mentor,Jsandye Varey
61,Book,Kore Hufton
62,Book,Corey Byforth
63,Mentor,Whittaker Lashmar
64,Task,Hester Hames
65,Mentor,Royal Barends
66,Mentor,Patton Records
67,Mentor,Erwin Bessey
68,Book,Ody Shrieve
69,Task,Leigh Britner
70,Task,Jacki Pallasch
71,Mentor,Leda Cheales
72,Task,Denyse Sargeaunt
73,Mentor,Mari Enric
74,Task,Jordana Hendonson
75,Task,Nikolaus Piff
76,Task,Herculie Sleaford
77,Task,Loralie Boultwood
78,Mentor,Valerie McGillacoell
79,Mentor,Alley Caller
80,Task,Emlen Denge
81,Book,Dyna Gentric
82,Book,Elsi Vaillant
83,Task,Kleon Horburgh
84,Task,Dwayne Vasechkin
85,Book,Gussie de Merida
86,Task,Gilberta Castellucci
87,Book,Ernst Addams
88,Book,Merrill Dows
89,Mentor,Gwendolyn de Banke
90,Mentor,Odilia Cooper
91,Book,Darrel Tudor
92,Book,Carce Jasik
93,Task,Lammond Dallywater
94,Book,Craig Spinelli
95,Book,Cale Brownfield
96,Book,Winfield Dobel
97,Book,Terry Zanitti
98,Task,Joceline Culham
99,Book,Myca Raoul
100,Mentor,Jarrett Yansons
101,Mentor,Ardath Ferguson
102,Book,Laurence Rivelon
103,Mentor,Niko Figgs
104,Task,Dody Marchant
105,Mentor,Grace Alaway
106,Book,Celia Bouldstridge
107,Mentor,Shamus Considine
108,Task,Karlan Padbery
109,Mentor,Culver Dowle
110,Book,Charline Tuckett
111,Task,Zara Turl
112,Task,Davin McKeon
113,Task,Consalve Longcake
114,Mentor,Theodor Curtin
115,Task,Gabi Mufford
116,Mentor,Vin Killelea
117,Mentor,Leisha Meese
118,Book,Mart Leving
119,Mentor,Nerte Tuley
120,Mentor,Wang Oneile
121,Mentor,Nicolea Goracci
122,Book,Harp Cansdill
123,Book,Mortie Frowde
124,Book,Woody Rittelmeyer
125,Book,Meryl Howieson
126,Mentor,Liva Chuney
127,Book,Lorine Annear
128,Book,Brenda Skevington
129,Task,Constance Gummoe
130,Task,Sophi Hinrichs
131,Task,Emily Edmett
132,Mentor,Hube Waddilow
133,Task,Lindsey Terrington
134,Mentor,Xaviera Sadlier
135,Task,Hunfredo Blackway
136,Book,Greta Eagleton
137,Task,Quinn Headly
138,Mentor,Nelle Marney
139,Task,Kania Fookes
140,Task,Laural Giamuzzo
141,Book,Alejandrina Tatters
142,Mentor,Duky Heavens
143,Book,Esme Durning
144,Book,Michaela Monkley
145,Mentor,Dunc Laviss
146,Mentor,Margarethe Woffenden
147,Mentor,Paola Le Borgne
148,Task,Daria Stuck
149,Mentor,Daphene McKeever
150,Task,Fitz Schapero
151,Book,Danika Geffcock
152,Task,Blanch Cabel
153,Book,Tarrah Cocksedge
154,Mentor,Isadora Camilleri
155,Mentor,Aurelea Main
156,Book,Cinnamon Klemke
157,Task,Ruttger Rowlstone
158,Book,Dasya Nudde
159,Task,Laurel Acory
160,Mentor,Leland Hebard
161,Mentor,Piotr Lenz
162,Task,Suzanna De Roberto
163,Mentor,Alexine Casse
164,Task,Mikael Garbett
165,Book,Bail Stickney
166,Book,Tobin Agent
167,Book,Sherline Burchmore
168,Mentor,Holden Lembrick
169,Mentor,Cati Daniely
170,Book,Benjamen Mullenger
171,Task,Abeu Hawick
172,Book,Sammy Sposito
173,Task,Marie-jeanne Walhedd
174,Book,Gordy Onge
175,Task,Alexio Walklot
176,Task,Zea Smorthit
177,Book,Job Bearn
178,Mentor,Jephthah Giovanitti
179,Task,Jana Glazier
180,Book,Grissel Chatterton
181,Book,Pepi Freiberg
182,Mentor,Velvet Godman
183,Book,Elset Barrasse
184,Mentor,Juli Samber
185,Book,Ian Harrell
186,Book,Shannen Game
187,Mentor,Minnie McConaghy
188,Mentor,Marissa Lello
189,Mentor,Tildie Gooda
190,Mentor,Jeff Gurnell
191,Task,Dimitri Mallinar
192,Book,Kalli Prise
193,Mentor,Ingemar Slimon
194,Mentor,Tatiana Gilluley
195,Mentor,Cedric Boules
196,Book,Paul Ricciardo
197,Mentor,Vinson Butterwick
198,Mentor,Arabella Youhill
199,Book,Kalli Domenichelli
200,Book,Di Colson
201,Book,Carena Malpass
202,Mentor,Maude Stokey
203,Book,Baldwin Andryushin
204,Task,Ebba Mays
205,Task,Prudy Garahan
206,Mentor,Patrick Hourican
207,Task,Kathy Torrie
208,Book,Duncan Yurocjhin
209,Task,Georg Barkworth
210,Task,Lorena Jojic
211,Mentor,Ermengarde Seaton
212,Task,Twila Pointer
213,Book,Reggy Costanza
214,Mentor,Alick Palk
215,Task,Abbott De Beauchamp
216,Book,Alphard Mark
217,Task,John Wabey
218,Task,Abbey Jerche
219,Mentor,Chloette Gwynn
220,Book,Sharline Gunda
221,Book,Halsey Searchwell
222,Mentor,Hillel Middlemist
223,Book,Basil Richarz
224,Mentor,Cam Saxelby
225,Task,Ursa Maskew
226,Task,Eric Bonnavant
227,Book,Bryce Chazotte
228,Book,Ardith Hellyar
229,Task,Dolley Peskett
230,Task,Melisent Hamberstone
231,Mentor,Cyndie Stratford
232,Task,Charmain Josskovitz
233,Mentor,Skylar Shills
234,Task,Seward Joinson
235,Task,Jehanna Turbat
236,Mentor,Blithe Naton
237,Mentor,Cathy Manuele
238,Task,Moina Mabley
239,Mentor,Arlen Pattingson
240,Book,Link Pinchback
241,Task,Enrichetta Chatelot
242,Task,Ella Troak
243,Book,Andrey McKinn
244,Book,Dione Martynka
245,Book,Van Urch
246,Book,Harold Rooper
247,Task,Tiff Vasilchikov
248,Task,Garwood Simonnet
249,Book,Buck Dwire
250,Book,Penelope Giannoni
251,Mentor,Harman Gillean
252,Task,Alaine O'Kieran
253,Book,Selma Jordi
254,Task,Berenice Beaney
255,Mentor,Corly Abelevitz
256,Mentor,Marris Overnell
257,Book,Marlowe Pain
258,Task,Leonhard Feldbrin
259,Task,Alford Attenburrow
260,Mentor,Lora Shillan
261,Mentor,Kellby Wettern
262,Task,Francesco Castle
263,Task,Elladine Kaemena
264,Mentor,Ginevra Barchrameev
265,Mentor,Marcel Gahan
266,Task,Corbie Swanger
267,Mentor,Joice Hector
268,Task,Phillipe Gurg
269,Mentor,Esta Coldham
270,Book,Asher Wrightem
271,Task,Michaella Layton
272,Task,Harry Onn
273,Mentor,Royce Kloster
274,Book,Christyna Bustin
275,Mentor,Griffith Voak
276,Task,Delila Ginn
277,Mentor,Zahara Catonnet
278,Book,Belicia Bauchop
279,Book,Tom Theriot
280,Book,Andrei Skittreal
281,Book,Aila Sillitoe
282,Mentor,Morley Collis
283,Mentor,Marisa Kyberd
284,Task,Arnaldo Lockney
285,Book,Thorn McShirrie
286,Task,Lemmy Lainge
287,Book,Luigi Lammas
288,Book,Sibby D'Andrea
289,Book,Bellina Folca
290,Book,Boris Couldwell
291,Task,Veradis Steventon
292,Mentor,Hakeem Pentecust
293,Task,Hinda Breinlein
294,Mentor,Georgina Iles
295,Mentor,Duke Kingswood
296,Task,Kirstyn Bairnsfather
297,Book,Lauree Giacobelli
298,Book,Joanna Alldritt
299,Task,Berrie Braben
300,Book,Ariella Helder
301,Book,Jan Orriss
302,Mentor,Garold Olechnowicz
303,Task,Alexine Lanfere
304,Mentor,Corene Edgerly
305,Mentor,Darryl Grioli
306,Task,Truda Mingasson
307,Book,Benjy Gowry
308,Book,Garrik Crofthwaite
309,Book,Glory Grishagin
310,Mentor,Oliver Melbury
311,Task,Carlin Josifovitz
312,Task,Donnajean Moulin
313,Book,Avril Hendriksen
314,Mentor,Nadiya Kirtlan
315,Mentor,Joyce Issit
316,Book,Mervin Durram
317,Book,Anabel Trye
318,Book,Louis Carme
319,Book,Britt Gidley
320,Book,Elmira Aleswell
321,Book,Leonid Kmiec
322,Task,Cindra Conwell
323,Task,Tiff Breeder
324,Book,Brandyn Bezemer
325,Mentor,Madge Yetts
326,Mentor,Codie Roth
327,Task,Roberta Samper
328,Task,Cullen Tulloch
329,Book,Arden Haycroft
330,Book,Thomas Rought
331,Book,Bunni Devanny
332,Task,Sheffy Smeall
333,Book,Quintana Sate
334,Book,Idell Sasser
335,Book,Melita Vasquez
336,Task,Alberik Jobbings
337,Task,Silvia Betho
338,Mentor,Natty Dominey
339,Book,Danette Molines
340,Mentor,Carmelle Knott
341,Book,Job Maving
342,Book,Joannes Hawker
343,Mentor,Ludovico Sutherland
344,Task,Derwin Tomaskunas
345,Task,Hank Dinse
346,Task,Roanne Sigars
347,Book,Jaime Lequeux
348,Task,Imelda Skerrett
349,Task,Teodora Martinet
350,Mentor,Petrina Belsher
351,Mentor,Vanni Hopfer
352,Book,Hanni Winsom
353,Book,Ronda Barrasse
354,Mentor,Abbi Ambroz
355,Book,Hazlett Macer
356,Book,Sanford Vicar
357,Mentor,Maurene Alders
358,Task,Lonee Molyneaux
359,Mentor,Jaime Kliche
360,Mentor,Rutledge Baselli
361,Task,Rosette Laden
362,Task,Larissa Towlson
363,Book,Karmen Sedgefield
364,Mentor,Anastasia Liebermann
365,Book,Wyn Sweetenham
366,Book,Debora Barrabeale
367,Task,Terrijo Cud
368,Task,Kane Trobey
369,Task,Saundra Caplen
370,Book,Arlinda Klaves
371,Task,Ekaterina Acheson
372,Task,Ellen Akess
373,Book,Elli McBain
374,Mentor,Adrien Figgures
375,Task,Tasha Perkis
376,Mentor,Walther Breen
377,Book,Sunny Pesticcio
378,Task,Kelsi Inglese
379,Book,Erl Duer
380,Book,Bernie Dartnell
381,Task,Reggie Romero
382,Book,Gray Kissick
383,Book,Colas Broderick
384,Task,Erina Ferney
385,Book,Hayes Bolton
386,Book,Keriann Connah
387,Task,Beitris Tremoulet
388,Book,Tessa Boswood
389,Book,Yancy Scotford
390,Book,Dorette Critchlow
391,Task,Nonna Fruchon
392,Book,Tobiah Immings
393,Book,Tessie Ough
394,Book,Carri Vockings
395,Mentor,Hussein Baldung
396,Task,Billie Vickars
397,Book,Kaitlin Lyenyng
398,Book,Charlton Benger
399,Book,Tabbie Tesseyman
400,Book,Ilise Eyes
401,Book,Filippa Hasard
402,Mentor,Dagny Andrews
403,Book,Hendrika Stivens
404,Task,Theresita Dyter
405,Mentor,Berni Berriman
406,Mentor,Alanna Corden
407,Mentor,Robinia Kubanek
408,Book,Neddy Danko
409,Book,Simona Noulton
410,Book,Jaquenette Warfield
411,Mentor,Marylinda Chasteney
412,Mentor,Olivette Bettley
413,Book,Elvis Cable
414,Task,Cele Rutty
415,Task,Shirleen Cirlos
416,Mentor,Dyanne Caldera
417,Mentor,Lionel Crosseland
418,Task,Hermia Duddin
419,Book,Issiah Iacobini
420,Book,Webb Mattiassi
421,Task,Hyacinthia Molyneux
422,Mentor,Jesse Johansson
423,Book,Merlina Caisley
424,Mentor,Hart MacDearmaid
425,Book,Annette Devita
426,Mentor,Lucinda Gumery
427,Book,Beatrisa Dear
428,Book,Husein Swinley
429,Task,Ettie Gorner
430,Task,Kay Pointing
431,Book,Tiebout Blakeman
432,Book,Rusty Patis
433,Book,Lilly McNay
434,Task,Nady Turfitt
435,Book,Pamella Caunter
436,Task,Annaliese Goudge
437,Book,Basilio Dormon
438,Mentor,Christian Heaysman
439,Task,Sib Sly
440,Mentor,Alon Saltsberger
441,Book,Meredithe Rosie
442,Task,Esma Petyanin
443,Task,Deeanne Czaple
444,Task,Karilynn Gomar
445,Book,Amitie Bebbington
446,Book,Lucio Velten
447,Mentor,Sherwood Pablos
448,Task,Romola Lindborg
449,Book,Miguelita Rollings
450,Book,Tremayne Gurge
451,Book,Joanie Faircley
452,Task,Joachim Sutheran
453,Book,Darin Farnon
454,Task,Lilly Ollerton
455,Task,Brnaby Lawdham
456,Mentor,Zoe Matussow
457,Mentor,Launce Scally
458,Book,Phebe Giovannacci
459,Mentor,Harris Summerlad
460,Mentor,Randy Batte
461,Task,Zollie Stappard
462,Book,Edlin Duckfield
463,Task,Caldwell Tokley
464,Mentor,Emera Kerbler
465,Task,Randi Leedal
466,Mentor,Kellsie Dami
467,Book,Layton Korpal
468,Book,Steffie Bess
469,Book,Derek Francis
470,Task,Corenda Ulrik
471,Task,Ariella Beckhurst
472,Task,Celine Basile
473,Task,Allyn Blaylock
474,Mentor,Hillery Clem
475,Task,Lionel Duprey
476,Book,Portia Brimicombe
477,Task,Dorry Santo
478,Book,Annecorinne McLaughlan
479,Task,Jerry McPhail
480,Book,Minda McClaughlin
481,Task,Moss Cramp
482,Mentor,Prudence Moyer
483,Mentor,Gabriell Handling
484,Mentor,Faustine Gillicuddy
485,Book,Novelia Nelligan
486,Book,Jayne Lathwell
487,Task,Norry Pigeon
488,Task,Jaimie Guidone
489,Book,Francene McGrady
490,Task,Nolie Orrow
491,Book,Diandra Flanaghan
492,Mentor,Kayla Schulkins
493,Task,Tammara Lawles
494,Book,Valle Chatelet
495,Mentor,Yancey Stearndale
496,Book,Tan Maund
497,Mentor,Wally Peeke
498,Mentor,Lacie Rayment
499,Mentor,Den Winterburn
500,Book,Lexy Bramham
1,Mentor,Calida Relton
